) for {0},) {0}-д,
A {0} exists between {1} and {2} (,{1} болон {2} хооронд {0} байна (,
Absent,Байхгүй,
Accrual Journal Entry for salaries from {0} to {1},{0}-с {1} хүртэлх цалингийн аккруэл журналын бичилт,
Add to Details,Дэлгэрэнгүй мэдээлэлд нэмнэ үү,
Added to details,Дэлгэрэнгүй мэдээлэлд нэмсэн,
All Jobs,Бүх ажлын байр,
Allocated Leaves,Хуваарилагдсан навч,
Annual Salary,Жилийн цалин,
Application period cannot be across two allocation records,Өргөдөл гаргах хугацаа нь хоёр хуваарилалтын бүртгэлд байж болохгүй,
Application period cannot be outside leave allocation period,Өргөдөл гаргах хугацаа нь чөлөө олгох хугацаанаас гадуур байж болохгүй,
Apply Now,Одоо хэрэгжүүлэх,
Apprentice,Дагалдан,
Approval Status,Зөвшөөрлийн статус,
Approval Status must be 'Approved' or 'Rejected',"Зөвшөөрлийн статус нь ""Батлагдсан"" эсвэл ""Татгалзсан"" байх ёстой",
Approve,Зөвшөөрөх,
As per your assigned Salary Structure you cannot apply for benefits,Таны томилсон Цалингийн бүтцийн дагуу та тэтгэмж авах хүсэлт гаргах боломжгүй,
Assign,Даалгах,
Assign Salary Structure,Цалингийн бүтцийг томилох,
Assign to Employees,Ажилчдад хуваарилах,
Assigning Structures...,Бүтцийг оноож байна...,
Attendance,Ирц,
Attendance From Date and Attendance To Date is mandatory,Огнооноос өнөөг хүртэлх ирц заавал байх ёстой,
Attendance for employee {0} is already marked for this day,{0} ажилтны ирцийг энэ өдөр аль хэдийн тэмдэглэсэн байна,
Attendance not submitted for {0} as it is a Holiday.,Амралтын өдөр тул {0}-д ирц ирүүлээгүй.,
Bank Entries,Банкны бүртгэл,
Base,Суурь,
Beginner,Эхлэгч,
Birthday Reminder,Төрсөн өдрийн сануулга,
Bonus Payment Date cannot be a past date,Бонус төлөх огноо нь өнгөрсөн огноо байж болохгүй,
Calls,Дуудлага,
Cannot find active Leave Period,Идэвхтэй чөлөө авах хугацааг олж чадсангүй,
Casual Leave,Энгийн чөлөө,
Claimed Amount,Нэхэмжлэгдсэн дүн,
Compensatory Off,Нөхөн олговрыг унтраах,
Contact Number,Холбогдох дугаар,
Course,Мэдээж,
Create Disbursement Entry,Төлбөрийн бүртгэл үүсгэх,
Create Salary Slip,Цалингийн хуудас үүсгэх,
Create Salary Slips,Цалингийн хуудас үүсгэх,
Creating Payment Entries......,Төлбөрийн бичилт үүсгэж байна......,
Creating Salary Slips...,Цалингийн хуудас үүсгэж байна...,
Current,Одоогийн,
Current Job Openings,Одоогийн нээлттэй ажлын байр,
Daily Work Summary,Өдөр тутмын ажлын хураангуй,
Daily Work Summary Group,Өдөр тутмын ажлын тойм бүлэг,
Date is repeated,Огноо давтагдана,
Debit A/C Number,Дебит A/C дугаар,
Deduction,Суутгал,
Document Status,Баримт бичгийн төлөв,
Earning,Орлого,
Employee A/C Number,Ажилтны A/C дугаар,
Employee Benefits,Ажилчдын тэтгэмж,
Employee Grade,Ажилтны зэрэг,
Employee Referral,Ажилтаны лавлагаа,
Employee relieved on {0} must be set as 'Left',"{0}-д чөлөөлөгдсөн ажилтныг ""Зүүн"" гэж тохируулах ёстой",
Employee {0} already submited an apllication {1} for the payroll period {2},Ажилтан {0} аль хэдийн {2} цалингийн хугацаанд {1} өргөдлөө өгсөн байна,
Employee {0} has no maximum benefit amount,{0} ажилтанд тэтгэмжийн дээд хэмжээ байхгүй,
Employee {0} is not active or does not exist,Ажилтан {0} идэвхгүй эсвэл байхгүй байна,
Employee {0} is on Leave on {1},Ажилтан {0} {1}-д амарна,
Employee {0} on Half day on {1},Ажилтан {0} хагас өдөр {1},
End time cannot be before start time,Дуусах цаг нь эхлэх цагаас өмнө байж болохгүй,
Evaluation,Үнэлгээ,
Event Location,Үйл явдлын байршил,
Event Name,Үйл явдлын нэр,
Expense Claim for Vehicle Log {0},Тээврийн хэрэгслийн бүртгэлийн зардлын нэхэмжлэл {0},
Expense Claim {0} already exists for the Vehicle Log,Тээврийн хэрэгслийн бүртгэлд зардлын нэхэмжлэл {0} байна,
Fill the form and save it,Маягтыг бөглөж хадгална уу,
Filter Employees By (Optional),Ажилчдыг шүүх (заавал биш),
Fiscal Year {0} not found,Санхүүгийн жил {0} олдсонгүй,
Food,Хоол хүнс,
For Employee,Ажилтны хувьд,
From Date {0} cannot be after employee's relieving Date {1},Ажилтан чөлөөлөгдсөн огноо {1}-ээс хойш {0} байх боломжгүй.,
From Date {0} cannot be before employee's joining Date {1},Огнооноос {0} нь ажилтны нэгдсэн огноо {1}-ээс өмнө байж болохгүй,
From date can not be less than employee's joining date,Энэ өдрөөс эхлэн ажилтны нэгдсэн өдрөөс бага байж болохгүй,
Fuel Price,Шатахууны үнэ,
Fuel Qty,Шатахууны тоо,
Full-time,Бүтэн цагийн,
Future dates not allowed,Ирээдүйн огноог зөвшөөрөхгүй,
Get Details From Declaration,Тунхаглалаас дэлгэрэнгүй мэдээлэл аваарай,
Get Employees,Ажилчдыг авах,
Gross Pay,Нийт цалин,
Guest,Зочин,
Half Day,Хагас өдөр,
Half Day Date is mandatory,Хагас өдрийн огноо нь заавал байх ёстой,
Half Day Date should be between From Date and To Date,Хагас өдрийн огноо нь огнооноос өнөөг хүртэлх хооронд байх ёстой,
Half Day Date should be in between Work From Date and Work End Date,"Хагас өдрийн огноо нь ажлын өдрөөс хойш, ажил дуусах огнооны хооронд байх ёстой",
Half day date should be in between from date and to date,Хагас өдрийн огноо нь өдрөөс хойш өнөөг хүртэл байх ёстой,
Hello,Сайн уу,
House rent paid days overlapping with {0},Байрны түрээсийн төлбөртэй өдрүүд {0}-тэй давхцаж байна,
House rented dates required for exemption calculation,Чөлөөлөлтийг тооцоход шаардлагатай байшин түрээслэх хугацаа,
House rented dates should be atleast 15 days apart,Байшин түрээслэх хугацаа нь дор хаяж 15 хоногийн зайтай байх ёстой,
Interest Amount,Хүүгийн хэмжээ,
Intern,Дадлагажигч,
Job Description,Ажлын байрны тодорхойлолт,
Job Offer,Ажлын санал,
Jobs,Ажлын байр,
Leave Approval Notification,Зөвшөөрлийн мэдэгдлийг үлдээх,
Leave Blocked,Блоклосон орхи,
Leave Encashment,Бэлэн мөнгө үлдээх,
Leave Status Notification,Статусын мэдэгдлийг орхи,
Leave Type,Орхих төрөл,
Leave Type is madatory,Амрах төрөл заавал байх ёстой,
Leave Type {0} cannot be allocated since it is leave without pay,Амралтын төрөл {0} нь цалингүй чөлөө тул хуваарилах боломжгүй,
Leave Type {0} cannot be carry-forwarded,Амралтын төрлийг {0} шилжүүлэх боломжгүй,
Leave Type {0} is not encashable,Орхих төрөл {0} мөнгө шилжүүлэх боломжгүй,
Leave Without Pay,Төлбөргүй орхи,
"Leave cannot be allocated before {0}, as leave balance has already been carry-forwarded in the future leave allocation record {1}",Ирээдүйн амралтын хуваарилалтын бүртгэлд амралтын үлдэгдэл аль хэдийн шилжсэн тул {0}-ээс өмнө чөлөө олгох боломжгүй. {1},
"Leave cannot be applied/cancelled before {0}, as leave balance has already been carry-forwarded in the future leave allocation record {1}",Ирээдүйн амралтын хуваарилалтын бүртгэлд амралтын үлдэгдэл аль хэдийн шилжсэн тул {0}-ээс өмнө чөлөө олгох/цуцлах боломжгүй {1},
Leave of type {0} cannot be longer than {1},{0} төрлийн чөлөө нь {1}-ээс урт байж болохгүй,
Leaves,Навч,
Leaves Allocated Successfully for {0},Навчийг {0}-д амжилттай хуваариллаа,
Leaves per Year,Жилд навч,
Lifecycle,Амьдралын мөчлөг,
Mark Attendance,Ирцийг тэмдэглэ,
Max Exemption Amount cannot be greater than maximum exemption amount {0} of Tax Exemption Category {1},Чөлөөлөлтийн дээд хэмжээ нь {1} Татвараас чөлөөлөх ангиллын {0}-аас ихгүй байж болохгүй.,
Max benefits should be greater than zero to dispense benefits,Тэтгэмж олгохын тулд тэтгэмжийн дээд хэмжээ тэгээс их байх ёстой,
Maximum amount eligible for the component {0} exceeds {1},{0} бүрэлдэхүүнд тохирох дээд хэмжээ {1}-ээс хэтэрсэн байна,
Maximum benefit amount of component {0} exceeds {1},{0} бүрэлдэхүүн хэсгийн ашиг тусын дээд хэмжээ {1}-ээс хэтэрсэн байна,
Maximum benefit amount of employee {0} exceeds {1},Ажилтны тэтгэмжийн дээд хэмжээ {0} {1}-ээс хэтэрсэн байна,
Maximum leave allowed in the leave type {0} is {1},Амралтын төрөлд зөвшөөрөгдөх дээд хэмжээ {0} нь {1},
Medical,Анагаах ухаан,
Mode of payment is required to make a payment,Төлбөр хийхдээ төлбөрийн хэлбэр шаардлагатай,
More than one selection for {0} not allowed,{0}-н нэгээс олон сонголтыг зөвшөөрөхгүй,
Net Pay,Цэвэр төлбөр,
Net Pay cannot be less than 0,Цэвэр төлбөр 0-ээс бага байж болохгүй,
Net Salary Amount,Цалингийн цэвэр дүн,
Net pay cannot be negative,Цэвэр цалин сөрөг байж болохгүй,
No Employee Found,Ажилтан олдсонгүй,
No Salary Structure assigned for Employee {0} on given date {1},Өгөгдсөн {1} өдөр {0} ажилтны цалингийн бүтцийг томилоогүй,
No Staffing Plans found for this Designation,Энэ томилгоонд ажиллах боловсон хүчний төлөвлөгөө олдсонгүй,
No active or default Salary Structure found for employee {0} for the given dates,Өгөгдсөн өдрүүдэд {0} ажилтны идэвхтэй эсвэл өгөгдмөл цалингийн бүтэц олдсонгүй,
No more updates,Өөр шинэчлэлт байхгүй,
No replies from,-аас хариу алга,
No salary slip found to submit for the above selected criteria OR salary slip already submitted,Дээрх сонгосон шалгуурын дагуу өгөх цалингийн хуудас олдсонгүй ЭСВЭЛ аль хэдийн ирүүлсэн цалингийн хуудас,
Nothing to change,Өөрчлөх зүйл алга,
Notice Period,Халагдах хугацаа,
Only Leave Applications with status 'Approved' and 'Rejected' can be submitted,"Зөвхөн ""Зөвшөөрсөн"" болон ""Татгалзсан"" статустай өргөдлийг үлдээх боломжтой",
Optional Holiday List not set for leave period {0},Амралтын өдрийн жагсаалтыг {0}-д тохируулаагүй,
Part-time,Хагас цагийн,
Password policy for Salary Slips is not set,Цалингийн хуудасны нууц үгийн бодлогыг тохируулаагүй байна,
Payment Days,Төлбөрийн өдрүүд,
Payment of {0} from {1} to {2},{1}-с {2} хүртэлх {0}-н төлбөр,
Payroll,Цалин,
Payroll Number,Цалингийн дугаар,
Piecework,Хэсэгчилсэн ажил,
Please add the remaining benefits {0} to any of the existing component,Үлдсэн үр өгөөжийг {0} одоо байгаа аль нэг бүрэлдэхүүн хэсэгт нэмнэ үү,
Please confirm once you have completed your training,Сургалтаа дуусгасны дараа баталгаажуулна уу,
Please enable default incoming account before creating Daily Work Summary Group,Өдөр тутмын ажлын хураангуй бүлгийг үүсгэхээсээ өмнө өгөгдмөл ирсэн бүртгэлийг идэвхжүүлнэ үү,
Please select Company and Designation,Компани болон нэрийг сонгоно уу,
Please select Employee,Ажилтнаа сонгоно уу,
Please select a csv file,csv файл сонгоно уу,
Please set default template for Leave Approval Notification in HR Settings.,Хүний нөөцийн тохиргоонд зөвшөөрөл олгох мэдэгдлийн өгөгдмөл загварыг тохируулна уу.,
Please set default template for Leave Status Notification in HR Settings.,Хүний нөөцийн тохиргоонд Орхих статусын мэдэгдлийн өгөгдмөл загварыг тохируулна уу.,
Please set the Company,Компанийг тохируулна уу,
Please set the Date Of Joining for employee {0},Ажилтан {0}-д элссэн огноог тохируулна уу,
Please share your feedback to the training by clicking on 'Training Feedback' and then 'New',"Сургалтын талаарх санал хүсэлтээ ""Сургалтын санал хүсэлт"" дээр дараад ""Шинэ"" дээр дарж хуваалцана уу.",
Please update your status for this training event,Энэхүү сургалтын арга хэмжээний статусаа шинэчилнэ үү,
Present,Одоо байна,
Preview Salary Slip,Цалингийн хуудсыг урьдчилан үзэх,
Privilege Leave,Давуу эрх чөлөө,
Probation,Туршилт,
Probationary Period,Туршилтын хугацаа,
Property,Өмч,
Property already added,Өмчийг аль хэдийн нэмсэн,
Reject,Татгалзах,
Replies,Хариултууд,
Responsibilities,Хариуцлага,
Role,Үүрэг,
Row {0}# Allocated amount {1} cannot be greater than unclaimed amount {2},Мөр {0}# Хуваарилагдсан дүн {1} нэхэмжлээгүй дүнгээс {2} их байж болохгүй,
Row {0}# Paid Amount cannot be greater than requested advance amount,Мөр {0}# Төлсөн дүн нь хүссэн урьдчилгаа дүнгээс их байж болохгүй,
Salary Slip ID,Цалингийн хуудасны үнэмлэх,
Salary Slip of employee {0} already created for this period,Энэ хугацаанд аль хэдийн үүсгэсэн {0} ажилтны цалингийн хуудас,
Salary Slip of employee {0} already created for time sheet {1},Ажилтны {0} цалингийн хуудас {1} цагийн хуваарьт зориулж аль хэдийн үүсгэсэн,
Salary Structure Assignment for Employee already exists,Ажилтны цалингийн бүтцийн хуваарилалт аль хэдийн байна,
Salary Structure Missing,Цалингийн бүтэц дутуу байна,
Salary Structure not found for employee {0} and date {1},"{0} ажилтны цалингийн бүтэц, огноо {1} олдсонгүй",
Salary Structure should have flexible benefit component(s) to dispense benefit amount,Цалингийн бүтэц нь тэтгэмжийн хэмжээг олгох уян хатан тэтгэмжийн бүрэлдэхүүн хэсгүүдтэй байх ёстой,
"Salary already processed for period between {0} and {1}, Leave application period cannot be between this date range.","{0}-с {1} хүртэлх хугацааны цалинг аль хэдийн боловсруулсан, чөлөө авах өргөдөл гаргах хугацаа энэ хугацааны хооронд байж болохгүй.",
Sanctioned Amount cannot be greater than Claim Amount in Row {0}.,Шийдвэрлэсэн дүн нь {0} мөрийн нэхэмжлэлийн дүнгээс их байж болохгүй.,
Score must be less than or equal to 5,Оноо 5-аас бага буюу тэнцүү байх ёстой,
Select Property,Property сонгоно уу,
Select an employee to get the employee advance.,Ажилтны урьдчилгааг авахын тулд ажилтнаа сонго.,
Service Expense,Үйлчилгээний зардал,
Show Employee,Ажилчдыг харуулах,
Show Salary Slip,Цалингийн хуудас харуулах,
Sick Leave,Өвчний чөлөө,
"Skipping Salary Structure Assignment for the following employees, as Salary Structure Assignment records already exists against them. {0}",Дараах ажилтнуудын цалингийн бүтцийн хуваарилалт тэдний эсрэг аль хэдийн байгаа тул цалингийн бүтцийн хуваарилалтыг алгасаж байна. {0},
Staffing Plan {0} already exist for designation {1},Ажилтны төлөвлөгөө {0} нь {1}-д зориулагдсан,
"Start and end dates not in a valid Payroll Period, cannot calculate {0}","Эхлэх болон дуусах огноо нь хүчинтэй цалингийн хугацаанд биш, {0}-г тооцоолох боломжгүй",
"Start and end dates not in a valid Payroll Period, cannot calculate {0}.","Эхлэх болон дуусах огноо нь хүчинтэй цалингийн хугацаанд биш, {0}-г тооцох боломжгүй.",
Stock Options,Хувьцааны сонголтууд,
Structures have been assigned successfully,Бүтцүүдийг амжилттай томилсон,
Submit Proof,Нотлох баримт илгээх,
Submit Salary Slip,Цалингийн хуудас өгөх,
Submit this to create the Employee record,Ажилтны бүртгэлийг үүсгэхийн тулд үүнийг илгээнэ үү,
Submitting Salary Slips...,Цалингийн хуудас илгээж байна...,
Team Updates,Багийн шинэчлэлтүүд,
Thank you,Баярлалаа,
The day(s) on which you are applying for leave are holidays. You need not apply for leave.,Таны чөлөө авах хүсэлт гаргаж буй өдөр(үүд) нь амралтын өдрүүд юм. Та чөлөө авах хүсэлт гаргах шаардлагагүй.,
There are more holidays than working days this month.,Энэ сард ажлын өдрүүдээс олон амралтын өдрүүд тохиож байна.,
There is no leave period in between {0} and {1},{0}-с {1} хооронд амралтын хугацаа байхгүй,
This is based on the attendance of this Employee,Энэ нь тухайн ажилтны ирц дээр үндэслэсэн болно,
This will submit Salary Slips and create accrual Journal Entry. Do you want to proceed?,"Энэ нь Цалингийн хуудсаа илгээж, аккруэл журналын бичилт үүсгэх болно. Та үргэлжлүүлэхийг хүсэж байна уу?",
To date can not be equal or less than from date,Өнөөдрийг хүртэл огноотой тэнцүү эсвэл бага байж болохгүй,
To date can not be less than from date,Өнөөдрийг хүртэл огнооноос бага байж болохгүй,
To date can not greater than employee's relieving date,Өнөөдрийг хүртэл ажилтны чөлөөлөгдсөн өдрөөс хэтрэхгүй байх ёстой,
Total Absent,Нийт байхгүй,
Total Deduction,Нийт хасалт,
Total Leaves,Нийт навч,
Total Present,Нийт одоогийн,
Total advance amount cannot be greater than total sanctioned amount,Урьдчилгаа нийт хэмжээ зөвшөөрөгдсөн нийт дүнгээс их байж болохгүй,
Total flexible benefit component amount {0} should not be less than max benefits {1},Уян хатан тэтгэмжийн бүрэлдэхүүн хэсгийн нийт дүн {0} нь хамгийн их ашиг {1}-ээс бага байж болохгүй.,
Total leaves allocated is mandatory for Leave Type {0},Амралтын төрөл {0}-д хуваарилагдсан нийт навч заавал байх ёстой.,
Total working hours should not be greater than max working hours {0},Ажлын нийт цаг хамгийн их ажлын цагаас хэтрэхгүй байх ёстой {0},
Training,Сургалт,
Training Event,Сургалтын арга хэмжээ,
Training Events,Сургалтын арга хэмжээ,
Training Feedback,Сургалтын санал хүсэлт,
Training Result,Сургалтын үр дүн,
Travel,Аялал,
Update Response,Хариуг шинэчлэх,
Value missing,Утга дутуу байна,
Variable,Хувьсагч,
Walk In,Орох,
Warning: Leave application contains following block dates,Анхааруулга: Өргөдөл гаргах нь дараах блок огноог агуулна,
Website Listing,Вэб сайтын жагсаалт,
Work Summary for {0},{0}-н ажлын хураангуй,
You are not authorized to approve leaves on Block Dates,Та Блокны огнооны навчийг зөвшөөрөх эрхгүй,
You are not present all day(s) between compensatory leave request days,Та нөхөн олговор олгох хүсэлт гаргасан өдрүүдийн хооронд өдөржингөө байхгүй байна,
You can only submit Leave Encashment for a valid encashment amount,Та зөвхөн хүчинтэй мөнгөн дүнгээр чөлөөний мөнгө өгөх боломжтой,
{0} already allocated for Employee {1} for period {2} to {3},{2}-с {3} хүртэлх хугацаанд {1} ажилтанд {0} аль хэдийн хуваарилагдсан байна,
{0} applicable after {1} working days,{0} ажлын {1} өдрийн дараа хэрэгжинэ,
{0} is not in Optional Holiday List,{0} нэмэлт амралтын жагсаалтад байхгүй,
{0} is not in a valid Payroll Period,{0} хүчинтэй цалингийн хугацаанд биш байна,
{0} must be submitted,{0} оруулах ёстой,
"{0}: Employee email not found, hence email not sent","{0}: Ажилтны имэйл олдсонгүй, тиймээс имэйл илгээгээгүй",
{0}: From {0} of type {1},{0}: {1} төрлийн {0}-с,
Conditions,Нөхцөл байдал,
Percent,Хувь,
Error in some rows,Зарим мөрөнд алдаа гарсан,
Benefit,Ашиг тус,
Shift,Шилжилт,
Importing {0} of {1},{1}-с {0}-г импортлож байна,
'employee_field_value' and 'timestamp' are required.,'ажилтны_талбайн_үнэ' болон 'цаг хугацааны тамга' шаардлагатай.,
Allocation Expired!,Хуваарилалтын хугацаа дууссан!,
Attendance Marked,Ирцийг тэмдэглэсэн,
Attendance has been marked as per employee check-ins,Ажилчдын бүртгэлд хамрагдсанаар ирцийг тэмдэглэсэн,
Date Range,Огнооны хүрээ,
Event Link,Үйл явдлын холбоос,
Expire Allocation,Хуваарилалтын хугацаа дуусах,
Fuel Expense,Шатахууны зардал,
Intermediate,Дунд зэрэг,
Leave application is linked with leave allocations {0}. Leave application cannot be set as leave without pay,Амралтаас чөлөө авах хүсэлтийг чөлөө олгохтой {0} холбосон. Амрах өргөдлийг цалингүй чөлөө гэж тохируулах боломжгүй,
Log Type is required for check-ins falling in the shift: {0}.,Бүртгэлийн төрөл нь ээлжийн бүртгэлд ороход шаардлагатай: {0}.,
No Employee found for the given employee field value. '{}': {},Өгөгдсөн ажилтны талбарт ямар ч ажилтан олдсонгүй. '{}': {},
No Leaves Allocated to Employee: {0} for Leave Type: {1},Ажилтанд ямар ч чөлөө хуваарилагдаагүй: Амралтын төрөлд {0}: {1},
Only expired allocation can be cancelled,Зөвхөн хугацаа нь дууссан хуваарилалтыг цуцалж болно,
Only users with the {0} role can create backdated leave applications,Зөвхөн {0} үүрэг бүхий хэрэглэгчид буцаагдсан чөлөөний аппликейшн үүсгэх боломжтой,
Password policy cannot contain spaces or simultaneous hyphens. The format will be restructured automatically,Нууц үгийн бодлого нь хоосон зай эсвэл нэгэн зэрэг зураас агуулж болохгүй. Формат автоматаар өөрчлөгдөнө,
Please enter the designation,Тодорхойлолтыг оруулна уу,
There are no vacancies under staffing plan {0},Ажилтны төлөвлөгөөний дагуу сул орон тоо байхгүй байна {0},
This employee already has a log with the same timestamp.{0},Энэ ажилтан аль хэдийн ижил цагийн тэмдэгтэй бүртгэлтэй байна.{0},
Timing,Хугацаа,
To date needs to be before from date,Өнөөдрийг хүртэл огнооноос өмнө байх шаардлагатай,
Total Early Exits,Нийт эрт гарах,
Total Late Entries,Нийт хоцорсон оруулгууд,
Training Event:,Сургалтын арга хэмжээ:,
Unable to find Salary Component {0},Цалингийн бүрэлдэхүүн хэсэг {0} олдохгүй байна,
Unmarked Attendance for days,Өдрийн тэмдэглэлгүй ирц,
Vacancies cannot be lower than the current openings,Сул орон тоо нь одоо нээгдэж буй орон тооноос доогуур байж болохгүй,
{} is an invalid Attendance Status.,{} ирцийн төлөв буруу байна.,
Printed On,Хэвлэсэн,
No employee found,Ажилтан олдсонгүй,
Please setup Employee Naming System in Human Resource > HR Settings,Хүний нөөц > Хүний нөөцийн тохиргоо хэсэгт Ажилтны нэрсийн системийг тохируулна уу,
Please setup numbering series for Attendance via Setup > Numbering Series,Тохируулах > Дугаарлах цувралаар ирцийг дугаарлах цувралыг тохируулна уу,
Current Odometer Value should be greater than Last Odometer Value {0},Одоо байгаа зай хэмжигчний утга нь сүүлийн зай хэмжигчээс {0} их байх ёстой,
No additional expenses has been added,Нэмэлт зардал нэмээгүй,
{0} already exists for employee {1} and period {2},{1} ажилтан болон {2} хугацаанд {0} аль хэдийн байна,
Leaves Allocated,Навч хуваарилагдсан,
Leave Without Pay does not match with approved {} records,"""Төлбөргүй чөлөө"" нь батлагдсан {} бүртгэлтэй таарахгүй байна",
Income Tax Slab not set in Salary Structure Assignment: {0},Орлогын татварын хавтанг Цалингийн бүтцийн хуваарилалтад тохируулаагүй: {0},
Income Tax Slab: {0} is disabled,Орлогын татварын хавтан: {0} идэвхгүй болсон,
Income Tax Slab must be effective on or before Payroll Period Start Date: {0},Орлогын татварын хавтан нь Цалингийн хугацаа эхлэх өдөр эсвэл түүнээс өмнө хүчинтэй байх ёстой: {0},
No leave record found for employee {0} on {1},{1}-д {0} ажилтны амралтын бүртгэл олдсонгүй,
Row {0}: {1} is required in the expenses table to book an expense claim.,{0}-р мөр: Зардлын нэхэмжлэлийг захиалахын тулд зардлын хүснэгтэд {1} байх шаардлагатай.,
Set the default account for the {0} {1},{0} {1}-н өгөгдмөл бүртгэлийг тохируулах,
(Half Day),(Хагас өдөр),
Income Tax Slab,Орлогын татварын хавтан,
Row #{0}: Cannot set amount or formula for Salary Component {1} with Variable Based On Taxable Salary,Мөр #{0}: Татвар ногдох цалинд суурилсан хувьсагчтай Цалингийн {1} бүрэлдэхүүн хэсгийн хэмжээ эсвэл томъёог тохируулах боломжгүй,
Repay From Salary can be selected only for term loans,Цалингаас эргэн төлөлтийг зөвхөн хугацаатай зээлээр сонгох боломжтой,
Salary Component Account,Цалингийн бүрэлдэхүүн хэсгийн данс,
Default Bank / Cash account will be automatically updated in Salary Journal Entry when this mode is selected.,Энэ горимыг сонгосон үед үндсэн банк / бэлэн мөнгөний данс Цалингийн журналын бичилтэд автоматаар шинэчлэгдэх болно.,
Result,Үр дүн,
Total Score,Нийт оноо,
Joining Date,Нэгдсэн огноо,
Publish on website,Вэбсайт дээр нийтлэх,
Application Status,Хэрэглээний статус,
IN,IN,
Remind Before,Өмнө нь сануул,
Reminded,Сануулсан,
Additional Salary,Нэмэлт цалин,
HR-ADS-.YY.-.MM.-,HR-ADS-.YY.-.MM.-,
Salary Component,Цалингийн бүрэлдэхүүн хэсэг,
Overwrite Salary Structure Amount,Цалингийн бүтцийн хэмжээг дарж бичнэ үү,
Deduct Full Tax on Selected Payroll Date,Сонгосон цалингийн огнооны татварыг бүрэн хасна,
Payroll Date,Цалингийн огноо,
Salary Component Type,Цалингийн бүрэлдэхүүн хэсгийн төрөл,
Appointment Letter,Томилох бичиг,
Appointment Date,Уулзалтын огноо,
Appointment Letter Template,Томилгооны захидлын загвар,
Closing Notes,Хаалтын тэмдэглэл,
Appointment Letter content,Томилгооны захидлын агуулга,
Appraisal,Үнэлгээ,
HR-APR-.YY.-.MM.,HR-APR-.YY.-.MM.,
For Employee Name,Ажилтны нэрийн хувьд,
Goals,Зорилго,
Total Score (Out of 5),Нийт оноо (5-аас),
"Any other remarks, noteworthy effort that should go in the records.","Бусад тэмдэглэл, анхаарал татахуйц хүчин чармайлтыг бүртгэлд оруулах ёстой.",
Appraisal Goal,Үнэлгээний зорилго,
Key Responsibility Area,Хариуцлагын гол хэсэг,
Weightage (%),Жин (%),
Score (0-5),Оноо (0-5),
Score Earned,Авсан оноо,
Appraisal Template Title,Үнэлгээний загварын гарчиг,
Appraisal Template Goal,Үнэлгээний загварын зорилго,
KRA,KRA,
Key Performance Area,Гүйцэтгэлийн гол талбар,
HR-ATT-.YYYY.-,HR-ATT-.YYYY.-,
On Leave,Амралт дээр,
Work From Home,Гэрээсээ ажиллах,
Leave Application,Өргөдөл гаргах,
Attendance Date,Ирсэн огноо,
Attendance Request,Ирцийн хүсэлт,
Late Entry,Орох хоцрогдол,
Early Exit,Эрт гарах,
Half Day Date,Хагас өдрийн огноо,
On Duty,Үүрэгт,
Explanation,Тайлбар,
Compensatory Leave Request,Нөхөн олговрын чөлөө авах хүсэлт,
Leave Allocation,Хуваарилалтаас гарах,
Worked On Holiday,Амралтын өдрөөр ажилласан,
Work From Date,Огнооноос эхлэн ажиллах,
Work End Date,Ажил дуусах огноо,
Email Sent To,Имэйлийг илгээсэн,
Select Users,Хэрэглэгчийг сонгоно уу,
Send Emails At,Имэйл илгээх,
Reminder,Сануулга,
Daily Work Summary Group User,Өдөр тутмын ажлын хураангуй бүлгийн хэрэглэгч,
email,имэйл,
Department Approver,Хэлтсийн батламжлагч,
Approver,Зөвшөөрөгч,
Designation Skill,Зориулалтын ур чадвар,
Skill,Ур чадвар,
Leave Policy,Бодлого орхих,
Salary Details,Цалингийн дэлгэрэнгүй мэдээлэл,
HR-EAD-.YYYY.-,HR-EAD-.YYYY.-,
Claimed,Нэхэмжлэгдсэн,
Employee Attendance Tool,Ажилчдын ирцийн хэрэгсэл,
Unmarked Attendance,Тэмдэглэгдээгүй ирц,
Employees HTML,Ажилчдын HTML,
Marked Attendance,Тэмдэглэгдсэн ирц,
Marked Attendance HTML,Тэмдэглэгдсэн ирц HTML,
Employee Benefit Application,Ажилчдын тэтгэмжийн өргөдөл,
Max Benefits (Yearly),Хамгийн их ашиг тус (жил бүр),
Remaining Benefits (Yearly),Үлдсэн ашиг тус (жил бүр),
Payroll Period,Цалингийн хугацаа,
Dispensed Amount (Pro-rated),Олгосон дүн (тооцоотой),
Employee Benefit Application Detail,Ажилтны тэтгэмжийн өргөдлийн дэлгэрэнгүй,
Earning Component,Орлогын бүрэлдэхүүн хэсэг,
Pay Against Benefit Claim,Тэтгэмжийн нэхэмжлэлийн эсрэг төлөх,
Max Benefit Amount,Тэтгэмжийн дээд хэмжээ,
Employee Benefit Claim,Ажилтны тэтгэмжийн нэхэмжлэл,
Claim Date,Нэхэмжлэлийн огноо,
Claim Benefit For,Нэхэмжлэлийн тэтгэмж,
Max Amount Eligible,Боломжит дээд хэмжээ,
Expense Proof,Зардлын баталгаа,
Employee Boarding Activity,Ажилчдын дотуур байрны үйл ажиллагаа,
Activity Name,Үйл ажиллагааны нэр,
Required for Employee Creation,Ажилтан бий болгоход шаардлагатай,
Applicable in the case of Employee Onboarding,Ажилтныг ажилд авах тохиолдолд хамаарна,
Employee Checkin,Ажилтны бүртгэл,
Log Type,Бүртгэлийн төрөл,
OUT,ГАРСАН,
Location / Device ID,Байршил / Төхөөрөмжийн ID,
Skip Auto Attendance,Автомат ирцийг алгасах,
Shift Start,Shift Start,
Shift End,Шилжилтийн төгсгөл,
Shift Actual Start,Бодит эхлэлийг шилжүүлэх,
Shift Actual End,Бодит төгсгөлийг шилжүүлэх,
Default Salary Structure,Өгөгдмөл цалингийн бүтэц,
Employee Health Insurance,Ажилтны эрүүл мэндийн даатгал,
Health Insurance Name,Эрүүл мэндийн даатгалын нэр,
Employee Incentive,Ажилчдын урамшуулал,
Incentive Amount,Урамшууллын хэмжээ,
Employee Onboarding,Ажилтныг элсүүлэх,
Notify users by email,Хэрэглэгчдэд имэйлээр мэдэгдэх,
Employee Onboarding Template,Ажилтны ажилд авах загвар,
Employee Other Income,Ажилтны бусад орлого,
Employee Promotion,Ажилтны албан тушаал ахих,
Promotion Date,Сурталчилгааны огноо,
Employee Promotion Details,Ажилтны албан тушаал ахих тухай мэдээлэл,
Employee Property History,Ажилчдын өмчийн түүх,
Employee Separation,Ажилтныг тусгаарлах,
Employee Separation Template,Ажилтныг тусгаарлах загвар,
Exit Interview Summary,Ярилцлагын хураангуй,
Employee Skill,Ажилчдын ур чадвар,
Proficiency,Ур чадвар,
Evaluation Date,Үнэлгээний огноо,
Employee Skill Map,Ажилчдын ур чадварын зураг,
Employee Skills,Ажилчдын ур чадвар,
Trainings,Сургалтууд,
Employee Tax Exemption Category,Ажилтны татвараас чөлөөлөх ангилал,
Max Exemption Amount,Чөлөөлөлтийн дээд хэмжээ,
Employee Tax Exemption Declaration,Ажилтны татвараас чөлөөлөх тухай мэдэгдэл,
Declarations,Тунхаглал,
Total Declared Amount,Нийт мэдүүлсэн дүн,
Total Exemption Amount,Чөлөөлөлтийн нийт дүн,
Employee Tax Exemption Declaration Category,Ажилтны татвараас чөлөөлөх тухай мэдүүлгийн ангилал,
Exemption Sub Category,Чөлөөлөлтийн дэд ангилал,
Exemption Category,Чөлөөлөлтийн ангилал,
Maximum Exempted Amount,Чөлөөлөгдсөн дээд хэмжээ,
Declared Amount,Зарласан дүн,
Employee Tax Exemption Proof Submission,Ажилтны татвараас чөлөөлөгдсөн тухай нотлох баримтыг ирүүлэх,
Submission Date,Оруулсан огноо,
Tax Exemption Proofs,Татвараас чөлөөлөх тухай баримтууд,
Total Actual Amount,Нийт бодит дүн,
Employee Tax Exemption Proof Submission Detail,Ажилтны татвараас чөлөөлөгдсөнийг нотлох баримтын дэлгэрэнгүй мэдээлэл,
Maximum Exemption Amount,Чөлөөлөлтийн дээд хэмжээ,
Type of Proof,Нотлох баримтын төрөл,
Actual Amount,Бодит дүн,
Employee Tax Exemption Sub Category,Ажилтны татвараас чөлөөлөх дэд ангилал,
Tax Exemption Category,Татвараас чөлөөлөх ангилал,
Employee Training,Ажилтны сургалт,
Training Date,Сургалтын огноо,
Employee Transfer,Ажилтныг шилжүүлэх,
Transfer Date,Шилжүүлгийн огноо,
Employee Transfer Details,Ажилтныг шилжүүлэх дэлгэрэнгүй мэдээлэл,
Employee Transfer Detail,Ажилтныг шилжүүлэх дэлгэрэнгүй мэдээлэл,
Re-allocate Leaves,Навчийг дахин хуваарилах,
Create New Employee Id,Шинэ ажилтны ID үүсгэх,
New Employee ID,Шинэ ажилтны үнэмлэх,
HR-EXP-.YYYY.-,HR-EXP-.YYYY.-,
Expense Taxes and Charges,"Зардлын татвар, хураамж",
Total Sanctioned Amount,Шийтгэлийн нийт дүн,
Total Advance Amount,Урьдчилгаа нийт дүн,
Total Claimed Amount,Нэхэмжлэгдсэн нийт дүн,
Total Amount Reimbursed,Нөхөн олгосон нийт дүн,
Vehicle Log,Тээврийн хэрэгслийн бүртгэл,
Employees Email Id,Ажилчдын цахим шуудангийн дугаар,
More Details,Илүү дэлгэрэнгүй мэдээллийг,
Expense Claim Account,Зардлын нэхэмжлэлийн данс,
Expense Claim Advance,Зардлын нэхэмжлэлийн урьдчилгаа,
Expense Claim Detail,Зардлын нэхэмжлэлийн дэлгэрэнгүй,
Expense Date,Зардлын огноо,
Expense Claim Type,Зардлын нэхэмжлэлийн төрөл,
HR Settings,Хүний нөөцийн тохиргоо,
Employee Settings,Ажилтны тохиргоо,
Expense Approver Mandatory In Expense Claim,Зардлын батламжлагч Зардлын нэхэмжлэлд заавал байх ёстой,
Payroll Settings,Цалингийн тохиргоо,
Leave,Орхих,
Max working hours against Timesheet,Цагийн хүснэгттэй харьцуулахад хамгийн их ажлын цаг,
Include holidays in Total no. of Working Days,Амралтын өдрүүдийг нийт тоонд оруулна. Ажлын өдрүүдийн тухай,
"If checked, Total no. of Working Days will include holidays, and this will reduce the value of Salary Per Day",Хэрэв шалгасан бол Нийт дугаар. Ажлын өдрүүдэд амралтын өдрүүд багтах бөгөөд энэ нь өдрийн цалингийн үнэ цэнийг бууруулна,
"If checked, hides and disables Rounded Total field in Salary Slips","Хэрэв чагтсан бол Цалингийн хуудасны дугуйрсан нийт талбарыг нууж, идэвхгүй болгоно",
The fraction of daily wages to be paid for half-day attendance,Хагас өдрийн ирцэд төлөх өдрийн цалингийн хэсэг,
Email Salary Slip to Employee,Цалингийн хуудсыг ажилтан руу имэйлээр илгээнэ үү,
Emails salary slip to employee based on preferred email selected in Employee,Ажилтны сонгосон имэйлд үндэслэн цалингийн хуудсыг ажилчид руу илгээнэ,
Encrypt Salary Slips in Emails,Цалингийн хуудсыг цахим шуудангаар шифрлэх,
"The salary slip emailed to the employee will be password protected, the password will be generated based on the password policy.",Ажилтан руу илгээсэн цалингийн хуудас нь нууц үгээр хамгаалагдсан байх бөгөөд нууц үгийн бодлогод үндэслэн нууц үг үүсгэгдэнэ.,
Password Policy,Нууц үгийн бодлого,
<b>Example:</b> SAL-{first_name}-{date_of_birth.year} <br>This will generate a password like SAL-Jane-1972,<b>Жишээ нь:</b> SAL-{first_name}-{date_of_birth.year} <br>Энэ нь SAL-Jane-1972 шиг нууц үг үүсгэх болно,
Leave Approval Notification Template,Зөвшөөрлийн мэдэгдлийн загварыг үлдээнэ үү,
Leave Status Notification Template,Статусын мэдэгдлийн загварыг орхи,
Role Allowed to Create Backdated Leave Application,Хугацаа хоцрогдсон чөлөөний програм үүсгэхийг зөвшөөрсөн үүрэг,
Leave Approver Mandatory In Leave Application,Өргөдөл гаргахдаа зөвшөөрөл авагчийг заавал үлдээх хэрэгтэй,
Show Leaves Of All Department Members In Calendar,Календарт тэнхимийн бүх гишүүдийн навчийг харуулах,
Auto Leave Encashment,Автоматаар гарах орлого,
Hiring Settings,Ажилд авах тохиргоо,
Check Vacancies On Job Offer Creation,Ажлын санал бий болгох талаар сул орон тоог шалгана уу,
Identification Document Type,Тодорхойлох баримт бичгийн төрөл,
Effective from,-аас хүчинтэй,
Allow Tax Exemption,Татвараас чөлөөлөхийг зөвшөөрөх,
"If enabled, Tax Exemption Declaration will be considered for income tax calculation.",Хэрэв идэвхжүүлсэн бол орлогын албан татварыг тооцохдоо Татвараас чөлөөлөх тухай мэдэгдлийг авч үзнэ.,
Standard Tax Exemption Amount,Татвараас чөлөөлөх стандарт хэмжээ,
Taxable Salary Slabs,Татвар ногдох цалингийн хавтан,
Taxes and Charges on Income Tax,"Орлогын албан татвар, хураамж",
Other Taxes and Charges,"Бусад татвар, хураамж",
Income Tax Slab Other Charges,Орлогын татварын хавтан Бусад хураамж,
Min Taxable Income,Татвар ногдох хамгийн бага орлого,
Max Taxable Income,Хамгийн их татвар ногдуулах орлого,
Applicant for a Job,Ажилд орох өргөдөл гаргагч,
Job Opening,Нээлттэй ажлын байр,
Cover Letter,Cover Letter,
Resume Attachment,Хавсралтыг үргэлжлүүлэх,
Job Applicant Source,Ажил горилогчийн эх сурвалж,
Applicant Email Address,Өргөдөл гаргагчийн имэйл хаяг,
Awaiting Response,Хариулт хүлээж байна,
Job Offer Terms,Ажлын санал болгох нөхцөл,
Select Terms and Conditions,Нөхцөлүүдийг сонгоно уу,
Job Offer Term,Ажлын санал болгох хугацаа,
Offer Term,Санал болгох хугацаа,
Value / Description,Үнэ цэнэ / Тайлбар,
Description of a Job Opening,Нээлтийн ажлын байрны тодорхойлолт,
Staffing Plan,Боловсон хүчний төлөвлөгөө,
Planned number of Positions,Төлөвлөсөн албан тушаалын тоо,
"Job profile, qualifications required etc.","Ажлын профайл, шаардагдах ур чадвар гэх мэт.",
HR-LAL-.YYYY.-,HR-LAL-.YYYY.-,
New Leaves Allocated,Шинэ навч хуваарилагдсан,
Add unused leaves from previous allocations,Өмнөх хуваарилалтаас ашиглагдаагүй навчийг нэмнэ,
Unused leaves,Ашиглагдаагүй навч,
Total Leaves Allocated,Нийт хуваарилагдсан навч,
Total Leaves Encashed,Бэлэн болсон нийт навч,
Leave Period,Амрах хугацаа,
Carry Forwarded Leaves,Ургасан навчийг авч явах,
Apply / Approve Leaves,Навч хэрэглэх / батлах,
HR-LAP-.YYYY.-,HR-LAP-.YYYY.-,
Leave Balance Before Application,Өргөдөл гаргахын өмнө үлдэгдэлээ үлдээнэ үү,
Total Leave Days,Нийт амралтын өдрүүд,
Leave Approver Name,Зөвшөөрөгчийн нэрийг үлдээнэ үү,
Follow via Email,Имэйлээр дагаарай,
Block Holidays on important days.,Чухал өдрүүдэд амралтын өдрүүдийг хоригло.,
Leave Block List Name,Блок жагсаалтын нэрийг үлдээнэ үү,
Applies to Company,Компанид хамаарна,
"If not checked, the list will have to be added to each Department where it has to be applied.",Хэрэв шалгаагүй бол уг жагсаалтыг хэрэглэх хэлтэс бүрт нэмэх шаардлагатай.,
Block Days,Блок өдрүүд,
Stop users from making Leave Applications on following days.,Дараагийн өдрүүдэд хэрэглэгчдийг Өргөдөл гаргахыг зогсооно уу.,
Leave Block List Dates,Блоклох огноог орхи,
Allow Users,Хэрэглэгчдийг зөвшөөрөх,
Allow the following users to approve Leave Applications for block days.,Дараах хэрэглэгчдэд блокийн өдрүүдээр өргөдөл гаргахыг зөвшөөрөхийг зөвшөөрнө үү.,
Leave Block List Allowed,Блокийн жагсаалтаас гарахыг зөвшөөрсөн,
Leave Block List Allow,Блокийн жагсаалтаас гарахыг зөвшөөрөх,
Allow User,Хэрэглэгчийг зөвшөөрөх,
Leave Block List Date,Блокийн жагсаалтаас гарах огноо,
Block Date,Блоклох огноо,
Leave Control Panel,Хяналтын самбараас гарна уу,
Employment Type (optional),Ажлын төрөл (заавал биш),
Branch (optional),Салбар (заавал биш),
Department (optional),хэлтэс (заавал биш),
Designation (optional),Тэмдэглэл (заавал биш),
Employee Grade (optional),Ажилтны зэрэг (заавал биш),
Employee (optional),Ажилтан (заавал биш),
Allocate Leaves,Навч хуваарилах,
Carry Forward,Урагш хийх,
Please select Carry Forward if you also want to include previous fiscal year's balance leaves to this fiscal year,"Хэрэв та өмнөх санхүүгийн жилийн үлдэгдлийг энэ санхүүгийн жилд оруулахыг хүсвэл ""Урагшлах"" гэснийг сонгоно уу",
New Leaves Allocated (In Days),Хуваарилсан шинэ навч (өдөрөөр),
Leave Balance,Үлдэгдэл үлдээх,
Encashable days,Бэлэн мөнгө авах боломжтой өдрүүд,
Encashment Amount,Бэлэн мөнгөний хэмжээ,
Leave Ledger Entry,Бүртгэлийн бүртгэлийг орхи,
Transaction Name,Гүйлгээний нэр,
Is Carry Forward,Урагшаа урагшлуулах,
Is Expired,Хугацаа дууссан,
Is Leave Without Pay,Цалингүй чөлөө,
Holiday List for Optional Leave,Нэмэлт чөлөө авах амралтын жагсаалт,
Leave Allocations,Хуваарилалтаа орхи,
Leave Policy Details,Бодлогын дэлгэрэнгүйг үлдээнэ үү,
Leave Policy Detail,Бодлогын дэлгэрэнгүйг үлдээнэ үү,
Annual Allocation,Жилийн хуваарилалт,
Leave Type Name,Төрөл нэрээ үлдээнэ үү,
Applicable After (Working Days),(Ажлын өдрүүд) дараа хэрэглэх боломжтой,
Is Optional Leave,Нэмэлт чөлөө,
Allow Negative Balance,Сөрөг үлдэгдлийг зөвшөөрөх,
Include holidays within leaves as leaves,Навч доторх амралтын өдрүүдийг навч болгон оруулаарай,
Is Compensatory,Нөхөн олговортой,
Maximum Carry Forwarded Leaves,Хамгийн их зөөвөрлөгдсөн навч,
Expire Carry Forwarded Leaves (Days),Дуусах хугацаа нь зөөвөрлөгдсөн навч (өдөр),
Calculated in days,Өдөрт тооцсон,
Encashment,Бэлэн мөнгө авах,
Allow Encashment,Бэлэн мөнгө авахыг зөвшөөрөх,
Encashment Threshold Days,Бэлэн мөнгө авах босго өдрүүд,
Earned Leave,Чөлөө авсан,
Is Earned Leave,Чөлөө авсан,
Earned Leave Frequency,Олсон чөлөө авах давтамж,
Rounding,Дугуйлах,
Payroll Employee Detail,Ажилчдын цалингийн дэлгэрэнгүй мэдээлэл,
Payroll Frequency,Цалингийн давтамж,
Fortnightly,Хоёр долоо хоног тутам,
Bimonthly,Хоёр сар тутам,
Employees,Ажилчид,
Number Of Employees,Ажиллагсдын тоо,
Employee Details,Ажилтны дэлгэрэнгүй мэдээлэл,
Validate Attendance,Ирцийг баталгаажуулах,
Salary Slip Based on Timesheet,Цагийн хуудас дээр үндэслэн цалингийн хуудас,
Deduct Tax For Unclaimed Employee Benefits,Нэхэмжлэлгүй ажилчдын тэтгэмжийн татварыг хас,
Deduct Tax For Unsubmitted Tax Exemption Proof,Татвараас чөлөөлөгдөөгүй нотлох баримтын хувьд татварыг хасна,
Select Payment Account to make Bank Entry,Төлбөрийн дансыг сонгон Банкны бичилт хийх,
Salary Slips Created,Цалингийн хуудас үүсгэсэн,
Salary Slips Submitted,Цалингийн хуудас ирүүлсэн,
Payroll Periods,Цалингийн хугацаа,
Payroll Period Date,Цалингийн хугацаа,
Purpose of Travel,Аяллын зорилго,
Retention Bonus,Хадгалах урамшуулал,
Bonus Payment Date,Бонус төлөх огноо,
Bonus Amount,Урамшууллын хэмжээ,
Depends on Payment Days,Төлбөрийн өдрүүдээс хамаарна,
Is Tax Applicable,Татвар хэрэглэх боломжтой,
Variable Based On Taxable Salary,Татвар ногдох цалин дээр суурилсан хувьсагч,
Exempted from Income Tax,Орлогын албан татвараас чөлөөлөгдсөн,
Round to the Nearest Integer,Хамгийн ойрын бүхэл тоо руу дугуйлна,
Statistical Component,Статистикийн бүрэлдэхүүн хэсэг,
"If selected, the value specified or calculated in this component will not contribute to the earnings or deductions. However, it's value can be referenced by other components that can be added or deducted. ","Сонгосон тохиолдолд энэ бүрэлдэхүүн хэсэгт заасан эсвэл тооцсон утга нь орлого, суутгалд нэмэр болохгүй. Гэсэн хэдий ч түүний үнэ цэнийг нэмж эсвэл хасаж болох бусад бүрэлдэхүүн хэсгүүдээс иш татаж болно.",
Do Not Include in Total,Нийтэд бүү оруул,
Flexible Benefits,Уян хатан ашиг тус,
Is Flexible Benefit,Уян хатан ашиг тустай,
Max Benefit Amount (Yearly),Тэтгэмжийн дээд хэмжээ (жил бүр),
Only Tax Impact (Cannot Claim But Part of Taxable Income),"Зөвхөн татварын нөлөөлөл (Нэхэмжлэх боломжгүй, харин татвар ногдох орлогын нэг хэсэг)",
Create Separate Payment Entry Against Benefit Claim,Тэтгэмжийн нэхэмжлэлийн эсрэг тусдаа төлбөрийн бичилт үүсгэх,
Amount based on formula,Томъёонд үндэслэсэн хэмжээ,
Formula,Томъёо,
Salary Detail,Цалингийн дэлгэрэнгүй,
Component,Бүрэлдэхүүн хэсэг,
Do not include in total,Нийтдээ оруулахгүй,
Default Amount,Өгөгдмөл дүн,
Additional Amount,Нэмэлт дүн,
Tax on flexible benefit,Уян хатан тэтгэмжийн татвар,
Tax on additional salary,Нэмэлт цалингийн татвар,
Salary Structure,Цалингийн бүтэц,
Working Days,Ажлын өдрүүд,
Salary Slip Timesheet,Цалингийн хуудас,
Earnings,Орлого,
Deductions,Суутгал,
Total in words,Нийт үгээр,
Salary Component for timesheet based payroll.,Цагийн хүснэгтэд суурилсан цалингийн бүрэлдэхүүн хэсэг.,
Leave Encashment Amount Per Day,Өдөрт бэлэн мөнгөний хэмжээг үлдээнэ үү,
Max Benefits (Amount),Хамгийн их ашиг (хэмжээ),
Salary breakup based on Earning and Deduction.,"Орлого, суутгал дээр үндэслэн цалингийн хуваагдал.",
Total Earning,Нийт орлого,
Salary Structure Assignment,Цалингийн бүтцийн даалгавар,
Shift Assignment,Шилжилтийн даалгавар,
Shift Type,Шилжилтийн төрөл,
Shift Request,Шилжүүлэх хүсэлт,
Enable Auto Attendance,Автомат ирцийг идэвхжүүлэх,
Mark attendance based on 'Employee Checkin' for Employees assigned to this shift.,"Энэ ээлжинд томилогдсон ажилчдын ирцийг ""Ажилтны бүртгэл""-д үндэслэн тэмдэглээрэй.",
Auto Attendance Settings,Автомат ирцийн тохиргоо,
Determine Check-in and Check-out,"Бүртгүүлэх, гарах хугацааг тодорхойлох",
Alternating entries as IN and OUT during the same shift,Нэг ээлжийн үед IN болон OUT гэж ээлжлэн оруулах,
Strictly based on Log Type in Employee Checkin,Ажилтны бүртгэл дэх бүртгэлийн төрөлд хатуу үндэслэсэн,
Working Hours Calculation Based On,Үндэслэн ажлын цагийн тооцоо,
First Check-in and Last Check-out,"Эхний бүртгэл, сүүлчийн бүртгэл",
Every Valid Check-in and Check-out,"Хүчин төгөлдөр бүртгэл, гарах бүр",
Begin check-in before shift start time (in minutes),Ээлж эхлэхээс өмнө бүртгүүлж эхлэх (минутаар),
The time before the shift start time during which Employee Check-in is considered for attendance.,Ажилчдын бүртгэлийг ирцэнд тооцсон ээлж эхлэхээс өмнөх цаг.,
Allow check-out after shift end time (in minutes),Ээлж дуусах цагийн дараа гарахыг зөвшөөрөх (минутаар),
Time after the end of shift during which check-out is considered for attendance.,"Ээлж дууссанаас хойшхи цаг, энэ хугацаанд гарахыг ирцэнд тооцно.",
Working Hours Threshold for Half Day,Хагас өдрийн ажлын цагийн босго,
Working hours below which Half Day is marked. (Zero to disable),Хагас өдрийг тэмдэглэсэн ажлын цаг. (Идэвхгүй болгохын тулд тэг),
Working Hours Threshold for Absent,Эзгүй хүмүүсийн ажлын цагийн босго,
Working hours below which Absent is marked. (Zero to disable),Эзгүй гэж тэмдэглэсэн ажлын цаг. (Идэвхгүй болгохын тулд тэг),
Process Attendance After,Дараа нь ирцийг боловсруулах,
Attendance will be marked automatically only after this date.,Зөвхөн энэ өдрөөс хойш ирцийг автоматаар тэмдэглэнэ.,
Last Sync of Checkin,Бүртгэлийн сүүлчийн синк,
Last Known Successful Sync of Employee Checkin. Reset this only if you are sure that all Logs are synced from all the locations. Please don't modify this if you are unsure.,Ажилтны бүртгэлийн хамгийн сүүлд мэдэгдэж байгаа амжилттай синк. Хэрэв та бүх бүртгэлийг бүх байршлаас синк хийсэн гэдэгт итгэлтэй байгаа бол үүнийг дахин тохируулна уу. Хэрэв та эргэлзэж байвал үүнийг бүү өөрчил.,
Grace Period Settings For Auto Attendance,Автомат ирцэд зориулсан хөнгөлөлтийн хугацааны тохиргоо,
Enable Entry Grace Period,Нэвтрэх хөнгөлөлтийн хугацааг идэвхжүүлнэ үү,
Late Entry Grace Period,Хожуу нэвтрэх хөнгөлөлтийн хугацаа,
The time after the shift start time when check-in is considered as late (in minutes).,Бүртгэлийг хоцрогдсонд тооцдог ээлж эхлэхээс хойшхи цаг (минутаар).,
Enable Exit Grace Period,Гарах хөнгөлөлтийн хугацааг идэвхжүүлэх,
Early Exit Grace Period,Эрт гарах хөнгөлөлтийн хугацаа,
The time before the shift end time when check-out is considered as early (in minutes).,Шалгалт дуусахаас өмнөх цагийг (минутаар) эрт тооцно.,
Skill Name,Ур чадварын нэр,
Staffing Plan Detail,Боловсон хүчний төлөвлөгөөний дэлгэрэнгүй,
Total Estimated Budget,Нийт тооцоолсон төсөв,
Vacancies,Сул орон тоо,
Estimated Cost Per Position,Нэг албан тушаалд ногдох тооцоолсон зардал,
Total Estimated Cost,Нийт тооцоолсон зардал,
Current Count,Одоогийн тоо,
Current Openings,Одоогийн нээлтүүд,
Number Of Positions,Албан тушаалын тоо,
Taxable Salary Slab,Татвар ногдох цалингийн хавтан,
From Amount,Тоо хэмжээнээс,
To Amount,Хэмжээнд,
Percent Deduction,хувийн суутгал,
Training Program,Сургалтын хөтөлбөр,
Event Status,Үйл явдлын төлөв,
Has Certificate,Сертификаттай,
Seminar,Семинар,
Theory,Онол,
Workshop,Семинар,
Conference,Бага хурал,
Exam,Шалгалт,
Internet,Интернет,
Self-Study,Бие даан суралцах,
Advance,Урьдчилгаа,
Trainer Name,Дасгалжуулагчийн нэр,
Trainer Email,Дасгалжуулагчийн имэйл,
Attendees,Оролцогчид,
Employee Emails,Ажилчдын имэйл,
Training Event Employee,Сургалтын арга хэмжээний ажилтан,
Invited,Урьсан,
Feedback Submitted,Санал хүсэлт илгээсэн,
Training Result Employee,Сургалтын үр дүнгийн ажилтан,
Travel Itinerary,Аялалын маршрут,
Travel From,Аялал,
Travel To,Аялах,
Mode of Travel,Аяллын горим,
Flight,Нислэг,
Train,Галт тэрэг,
Taxi,Такси,
Rented Car,Түрээсийн машин,
Meal Preference,Хоолны давуу тал,
Vegetarian,Цагаан хоолтон,
Non-Vegetarian,Цагаан хоолтон биш,
Gluten Free,Цавуулаггүй,
Non Diary,Сүүний бус,
Travel Advance Required,Аялал жуулчлалын урьдчилгаа шаардлагатай,
Departure Datetime,Явах огноо,
Arrival Datetime,Ирэх огноо,
Lodging Required,Орон байр шаардлагатай,
Preferred Area for Lodging,Зочид буудаллахад тохиромжтой бүс,
Check-in Date,Бүртгүүлэх огноо,
Check-out Date,Гарах огноо,
Travel Request,Аялал жуулчлалын хүсэлт,
Travel Type,Аялал жуулчлалын төрөл,
Domestic,Дотоодын,
International,Олон улсын,
Travel Funding,Аялал жуулчлалын санхүүжилт,
Require Full Funding,Бүрэн санхүүжилт шаардах,
Fully Sponsored,Бүрэн ивээн тэтгэсэн,
"Partially Sponsored, Require Partial Funding","Хэсэгчилсэн ивээн тэтгэсэн, хэсэгчилсэн санхүүжилт шаардлагатай",
Copy of Invitation/Announcement,Урилга / Зарын хуулбар,
"Details of Sponsor (Name, Location)","Ивээн тэтгэгчийн дэлгэрэнгүй мэдээлэл (нэр, байршил)",
Identification Document Number,Иргэний үнэмлэхний дугаар,
Any other details,Бусад дэлгэрэнгүй мэдээлэл,
Costing Details,Зардлын дэлгэрэнгүй мэдээлэл,
Event Details,Үйл явдлын дэлгэрэнгүй мэдээлэл,
Name of Organizer,Зохион байгуулагчийн нэр,
Address of Organizer,Зохион байгуулагчийн хаяг,
Travel Request Costing,Аялал жуулчлалын хүсэлтийн зардал,
Expense Type,Зардлын төрөл,
Sponsored Amount,Ивээн тэтгэсэн дүн,
Funded Amount,Санхүүжүүлсэн дүн,
Upload Attendance,Ирцийг байршуулах,
Attendance From Date,Огнооноос ирц,
Attendance To Date,Өнөөдрийг хүртэл ирц,
Get Template,Загвар авах,
Import Attendance,Импортын ирц,
Upload HTML,HTML байршуулах,
HR-VLOG-.YYYY.-,HR-VLOG-.YYYY.-,
Odometer Reading,Одометрийн уншилт,
Current Odometer value ,Одоогийн Odometer утга,
Refuelling Details,Шатахуун цэнэглэх дэлгэрэнгүй мэдээлэл,
Invoice Ref,Нэхэмжлэхийн лавлагаа,
Service Details,Үйлчилгээний дэлгэрэнгүй мэдээлэл,
Vehicle Service,Тээврийн хэрэгслийн үйлчилгээ,
Service Item,Үйлчилгээний зүйл,
Brake Oil,Тоормосны тос,
Brake Pad,Тоормосны дэвсгэр,
Clutch Plate,Авцуулах хавтан,
Engine Oil,Хөдөлгүүрийн тос,
Oil Change,Газрын тосны өөрчлөлт,
Inspection,Хяналт шалгалт,
Mileage,Миль,
Salary Slip Loan,Цалингийн хуудасны зээл,
Loan Repayment Entry,Зээлийн эргэн төлөлтийн бүртгэл,
May,Тавдугаар сар,
June,Зургадугаар сар,
July,долдугаар сар,
Bank Remittance,Банкны мөнгөн гуйвуулга,
Daily Work Summary Replies,Өдөр тутмын ажлын хураангуй хариултууд,
Employee Advance Summary,Ажилчдын урьдчилгаа хураангуй,
Employees working on a holiday,Амралтын өдрөөр ажилладаг ажилчид,
Monthly Attendance Sheet,Сар бүрийн ирцийн хуудас,
Salary Register,Цалингийн бүртгэл,
Unpaid Expense Claim,Төлөгдөөгүй зардлын нэхэмжлэл,
Payment Account is mandatory,Төлбөрийн данс заавал байх ёстой,
"If checked, the full amount will be deducted from taxable income before calculating income tax without any declaration or proof submission.","Шалгасан тохиолдолд орлогын албан татварыг тооцохоос өмнө ямар нэгэн мэдүүлэг, нотлох баримтгүйгээр татвар ногдох орлогоос бүрэн хэмжээгээр хасна.",
In Time,Цагтаа,
Out Time,Гарах цаг,
Is Recurring,Давтагдаж байна,
HRA Exemption,HRA чөлөөлөх,
Monthly House Rent,Сарын түрээс,
Rented in Metro City,Metro City-д түрээслүүлнэ,
HRA as per Salary Structure,Цалингийн бүтцийн дагуу HRA,
Annual HRA Exemption,Жил бүрийн HRA чөлөөлөлт,
Monthly HRA Exemption,Сар бүрийн HRA чөлөөлөлт,
House Rent Payment Amount,Байшингийн түрээсийн төлбөрийн хэмжээ,
Rented From Date,огнооноос хойш түрээсэлсэн,
Rented To Date,Өнөөдрийг хүртэл түрээсэлсэн,
Monthly Eligible Amount,Сарын зөвшөөрөгдсөн хэмжээ,
Total Eligible HRA Exemption,Нийт эрх бүхий HRA чөлөөлөлт,
Validating Employee Attendance...,Ажилчдын ирцийг баталгаажуулж байна...,
Submitting Salary Slips and creating Journal Entry...,"Цалингийн хуудас илгээж, журналын бичилт үүсгэж байна...",
Calculate Payroll Working Days Based On,Цалингийн ажлын өдрүүдийг үндэслэн тооцоол,
Consider Unmarked Attendance As,Тэмдэглэгдээгүй ирцийг гэж үзнэ үү,
Fraction of Daily Salary for Half Day,Хагас өдрийн цалингийн нэг хэсэг,
Component Type,Бүрэлдэхүүн хэсгийн төрөл,
Provident Fund,Провидент сан,
Additional Provident Fund,Нэмэлт тусламжийн сан,
Provident Fund Loan,Провидент сангийн зээл,
Professional Tax,Мэргэжлийн татвар,
Is Income Tax Component,Орлогын татварын бүрэлдэхүүн хэсэг юм,
Component properties and references ,Бүрэлдэхүүн хэсгүүдийн шинж чанарууд ба лавлагаа,
Additional Salary ,Нэмэлт цалин,
Unmarked days,Тэмдэглэгдээгүй өдрүүд,
Absent Days,Эзгүй өдрүүд,
Conditions and Formula variable and example,Нөхцөл ба томъёоны хувьсагч ба жишээ,
Income Tax Deductions,Орлогын албан татварын хөнгөлөлт,
Income Tax Component,Орлогын татварын бүрэлдэхүүн хэсэг,
Income Tax Amount,Орлогын татварын хэмжээ,
Unmarked Days,Тэмдэглэгдээгүй өдрүүд,
Jan,1-р сар,
Feb,Хоёрдугаар сар,
Mar,3-р сар,
Apr,4-р сар,
Aug,Наймдугаар сар,
Sep,9-р сар,
Oct,Аравдугаар сар,
Nov,11-р сар,
Dec,12-р сар,
Summarized View,Дүгнэж харах,
Professional Tax Deductions,Мэргэжлийн татварын хөнгөлөлт,
Provident Fund Deductions,Сангийн суутгал,
Recruitment Analytics,Ажилд авах аналитик,
Applicant name,Өргөдөл гаргагчийн нэр,
Job Offer status,Ажлын саналын статус,
On Date,Огноо,
Salary Payments Based On Payment Mode,Төлбөрийн горимд суурилсан цалингийн төлбөр,
Salary Payments via ECS,Цалингийн төлбөрийг ECS-ээр хийдэг,
Account No,Дансны дугаар,
IFSC,IFSC,
MICR,MICR,
PF Account,PF данс,
PF Amount,PF-ийн хэмжээ,
Additional PF,Нэмэлт PF,
PF Loan,PF зээл,
Duplicate Entry,Давхардсан оруулга,
Please select Employee first.,Эхлээд Ажилтнаа сонгоно уу.,
To Date should be greater than From Date,To Date нь From Date-аас их байх ёстой,
Job Offer: {0} is already for Job Applicant: {1},Ажлын санал: {0} ажил горилогчид аль хэдийн байна: {1},
Only Shift Request with status 'Approved' and 'Rejected' can be submitted,"Зөвхөн ""Зөвшөөрсөн"" болон ""Татгалзсан"" статустай ээлжийн хүсэлтийг гаргаж болно",
Shift Assignment: {0} created for Employee: {1},Ээлжийн даалгавар: {0} ажилтанд зориулан үүсгэсэн: {1},
You can not request for your Default Shift: {0},Та өгөгдмөл шилжилтийн хүсэлт гаргах боломжгүй: {0},
Only Approvers can Approve this Request.,Зөвхөн Зөвшөөрөгчид энэ хүсэлтийг зөвшөөрөх боломжтой.,
Please set Payroll based on in Payroll settings,Цалингийн тохиргоонд үндэслэн Цалингийн хэмжээг тохируулна уу,
Additional Salary: {0} already exist for Salary Component: {1} for period {2} and {3},Нэмэлт цалин: Цалингийн бүрэлдэхүүн хэсэгт {0} аль хэдийн байгаа: {2} ба {3} хугацаанд {1},
Payroll date can not be less than employee's joining date.,Цалингийн огноо нь ажилтны ажилд орсон өдрөөс бага байж болохгүй.,
From date can not be less than employee's joining date.,Энэ өдрөөс эхлэн ажилтны нэгдсэн өдрөөс бага байж болохгүй.,
To date can not be greater than employee's relieving date.,Өнөөдрийг хүртэл ажилтны чөлөөлөгдсөн өдрөөс илүү байж болохгүй.,
Payroll date can not be greater than employee's relieving date.,Цалингийн огноо нь ажилтны чөлөөлөгдсөн өдрөөс илүү байж болохгүй.,
Condition and formula,Нөхцөл ба томъёо,
